{"cameraMode":{"drawMode":0,"name":"Shaded","section":"Shading Mode"},"sceneLighting":false,"audioPlay":false,"sceneViewState":{"showFog":true,"showMaterialUpdate":false,"showSkybox":false,"showFlares":true,"showImageEffects":true,"showParticleSystems":true,"showVisualEffectGraphs":true,"m_FxEnabled":true},"in2DMode":false,"pivot":{"x":0.0007714275270700455,"y":0.003185722976922989,"z":0.012601063586771489},"rotation":{"x":0.057267364114522937,"y":-0.9310871362686157,"z":0.16621802747249604,"w":0.3200529217720032},"size":0.02863134816288948,"orthographic":false}