{"cameraMode":{"drawMode":0,"name":"Shaded","section":"Shading Mode"},"sceneLighting":false,"audioPlay":false,"sceneViewState":{"showFog":true,"showMaterialUpdate":false,"showSkybox":false,"showFlares":true,"showImageEffects":true,"showParticleSystems":true,"showVisualEffectGraphs":true,"m_FxEnabled":true},"in2DMode":false,"pivot":{"x":-0.00009792903438210487,"y":0.024847637861967088,"z":-0.0006842631846666336},"rotation":{"x":0.009944608435034752,"y":-0.988425612449646,"z":0.133943572640419,"w":0.0723772943019867},"size":0.025382040068507196,"orthographic":false}