{"cameraMode":{"drawMode":0,"name":"Shaded","section":"Shading Mode"},"sceneLighting":false,"audioPlay":false,"sceneViewState":{"showFog":true,"showMaterialUpdate":false,"showSkybox":false,"showFlares":true,"showImageEffects":true,"showParticleSystems":true,"showVisualEffectGraphs":true,"m_FxEnabled":true},"in2DMode":false,"pivot":{"x":-2.373006820678711,"y":0.623738169670105,"z":-0.42089200019836428},"rotation":{"x":0.004137542098760605,"y":-0.9939621686935425,"z":0.038186926394701007,"w":0.10608207434415817},"size":2.485217809677124,"orthographic":false}