{"cameraMode":{"drawMode":0,"name":"Shaded","section":"Shading Mode"},"sceneLighting":true,"audioPlay":false,"sceneViewState":{"showFog":true,"showMaterialUpdate":false,"showSkybox":true,"showFlares":true,"showImageEffects":true,"showParticleSystems":true,"showVisualEffectGraphs":true,"m_FxEnabled":true},"in2DMode":false,"pivot":{"x":185.91905212402345,"y":254.5280303955078,"z":-11.47222900390625},"rotation":{"x":-0.03477540612220764,"y":0.03956308215856552,"z":-0.0013779584551230074,"w":-0.9986122846603394},"size":266.9437561035156,"orthographic":false}