{"cameraMode":{"drawMode":0,"name":"Shaded","section":"Shading Mode"},"sceneLighting":false,"audioPlay":false,"sceneViewState":{"showFog":true,"showMaterialUpdate":false,"showSkybox":false,"showFlares":true,"showImageEffects":true,"showParticleSystems":true,"showVisualEffectGraphs":true,"m_FxEnabled":true},"in2DMode":false,"pivot":{"x":-0.01661139726638794,"y":0.2225598692893982,"z":1.2202714681625367},"rotation":{"x":0.18896204233169557,"y":-0.7108747959136963,"z":0.20825622975826264,"w":0.6448870301246643},"size":0.9922956824302673,"orthographic":true}