{"cameraMode":{"drawMode":0,"name":"Shaded","section":"Shading Mode"},"sceneLighting":false,"audioPlay":false,"sceneViewState":{"showFog":true,"showMaterialUpdate":false,"showSkybox":false,"showFlares":true,"showImageEffects":true,"showParticleSystems":true,"showVisualEffectGraphs":true,"m_FxEnabled":true},"in2DMode":false,"pivot":{"x":-1.7668912410736085,"y":0.6652599573135376,"z":-0.7267485857009888},"rotation":{"x":-0.03949717432260513,"y":0.9532170295715332,"z":-0.14290626347064973,"w":-0.26350268721580508},"size":1.8114209175109864,"orthographic":false}