{"cameraMode":{"drawMode":0,"name":"Shaded","section":"Shading Mode"},"sceneLighting":false,"audioPlay":false,"sceneViewState":{"showFog":true,"showMaterialUpdate":false,"showSkybox":false,"showFlares":true,"showImageEffects":true,"showParticleSystems":true,"showVisualEffectGraphs":true,"m_FxEnabled":true},"in2DMode":false,"pivot":{"x":0.0010509071871638299,"y":0.02662508934736252,"z":0.0035986918956041338},"rotation":{"x":0.0241469144821167,"y":-0.9760770201683044,"z":0.15770018100738526,"w":0.14860917627811433},"size":0.020541980862617494,"orthographic":false}